query_id,rank,doc_id,is_labeled_relevant,source_file,page,page_end,score,matched_terms,title,snippet
q01,1,sales_core_p0096_002,True,sales_core.pdf,96,96,33,Lead conversion|duplicate Account|duplicate records|convert lead,Sales Core Guide p96 chunk 2: Troubleshoot Lead Conversion EDITIONS Available in Salesforce Classic not available,Troubleshoot Lead Conversion EDITIONS Available in Salesforce Classic not available in all orgs and Lightning Experience Available in Starter Essentials Group Professional Enterprise Performance Unlimited Pro Suite...
q01,2,sales_core_p0095_001,False,sales_core.pdf,95,95,36,Lead conversion|duplicate records|matching rules|duplicate rules|convert lead,Sales Core Guide p95 chunk 1: Convert Qualified Leads EDITIONS Available in Salesforce Classic not available,Convert Qualified Leads EDITIONS Available in Salesforce Classic not available in all orgs and Lightning Experience Available in Starter Essentials Group Professional Enterprise Performance Unlimited Pro Suite and...
q01,3,sales_core_p0103_004,False,sales_core.pdf,103,103,36,Lead conversion|duplicate records|matching rules|duplicate rules|convert lead,Sales Core Guide p103 chunk 4: a lead possible matches appear based on matching rules using,a lead possible matches appear based on matching rules using standard fields When you click Convert additional matches can appear based on matching rules using custom fields How these duplicate records are handled...
q01,4,sales_core_p0218_022,False,sales_core.pdf,218,218,18,duplicate Account|duplicate records|matching rules,Sales Core Guide p218 chunk 22: Merge Duplicate Accounts in Lightning Experience EDITIONS Available in Lightning,Merge Duplicate Accounts in Lightning Experience EDITIONS Available in Lightning Experience Available in Essentials Professional Enterprise Performance Unlimited and Developer Editions USER PERMISSIONS To view...
q01,5,mc_journeys_and_automations_p0366_044,False,mc_journeys_and_automations.pdf,366,366,12,convert lead,Marketing Cloud Journeys and Automations p366 chunk 44: Convert Lead Activity Use the Convert Lead activity in Journey,Convert Lead Activity Use the Convert Lead activity in Journey Builder to convert qualified leads from Sales and Service Cloud into a contact or an account Assign a lead owner and notify that person via email Create...
q01,6,sales_core_p0104_005,False,sales_core.pdf,104,104,9,Lead conversion,Sales Core Guide p104 chunk 5: If the lead has a record type the default record,If the lead has a record type the default record type of the user converting the lead is assigned to records created during lead conversion The default record type of the user converting the lead determines the lead...
q01,7,sales_core_p0109_007,False,sales_core.pdf,109,109,9,Lead conversion|convert lead,Sales Core Guide p109 chunk 7: Lead Conversion Field Mapping EDITIONS Available in Salesforce Classic not,Lead Conversion Field Mapping EDITIONS Available in Salesforce Classic not available in all orgs and Lightning Experience Available in Starter Essentials Group Professional Enterprise Performance Unlimited Pro Suite...
q01,8,sales_core_p0220_023,False,sales_core.pdf,220,220,9,duplicate Account,Sales Core Guide p220 chunk 23: Merge Duplicate Accounts in Salesforce Classic EDITIONS Available in Salesforce,Merge Duplicate Accounts in Salesforce Classic EDITIONS Available in Salesforce Classic not available in all orgs Business accounts available in All Editions except Database com Person accounts available in Enterprise...
q01,9,extend_click_automate_p0329_021,False,extend_click_automate.pdf,329,329,6,duplicate records,Salesforce Flow and Click-Based Automation Guide p329 chunk 21: Considerations If a Create Records element uses a record collection,Considerations If a Create Records element uses a record collection doesn t have a fault path and the flow fails no records are created and the flow stops generating an error If a Create Records element uses a record...
q01,10,mc_email_p0221_025,False,mc_email.pdf,221,221,6,duplicate records,Marketing Cloud Email Guide p221 chunk 25: Enable Send Logging for a User-Initiated or Triggered Send Enable,Enable Send Logging for a User-Initiated or Triggered Send Enable send logging in Email Studio to track user-initiated and triggered send data in a Marketing Cloud Engagement data extension 1 Click Interactions 2...
q01,11,sales_core_p0102_003,False,sales_core.pdf,102,102,6,Lead conversion,Sales Core Guide p102 chunk 3: Considerations for Converting Leads EDITIONS Available in Salesforce Classic not,Considerations for Converting Leads EDITIONS Available in Salesforce Classic not available in all orgs and Lightning Experience Available in Starter Essentials Group Professional Enterprise Performance Unlimited Pro...
q01,12,salesforce_apex_developer_guide_p0145_007,False,salesforce_apex_developer_guide.pdf,145,145,6,duplicate records,Salesforce Apex Developer Guide p145 chunk 7: The Database class also provides methods not available as DML,The Database class also provides methods not available as DML statements such as methods transaction control and rollback emptying the Recycle Bin and methods related to SOQL queries SEE ALSO Apex Reference Guide...
q02,1,sales_core_p0218_022,True,sales_core.pdf,218,218,33,merge duplicate accounts|Lightning Experience|View Duplicates|account owner|role hierarchy,Sales Core Guide p218 chunk 22: Merge Duplicate Accounts in Lightning Experience EDITIONS Available in Lightning,Merge Duplicate Accounts in Lightning Experience EDITIONS Available in Lightning Experience Available in Essentials Professional Enterprise Performance Unlimited and Developer Editions USER PERMISSIONS To view...
q02,2,lightning_knowledge_guide_p0015_010,False,lightning_knowledge_guide.pdf,15,15,21,Lightning Experience,Lightning Knowledge Guide p15 chunk 10: General Usage Limitations for Lightning Knowledge Some authoring actions work,General Usage Limitations for Lightning Knowledge Some authoring actions work differently or aren t available in Lightning Knowledge You can t remove a published article while editing it Instead the article remains...
q02,3,lightning_knowledge_guide_p0030_017,False,lightning_knowledge_guide.pdf,30,30,21,Lightning Experience,Lightning Knowledge Guide p30 chunk 17: Use Your Lightning Knowledge Base EDITIONS Available in Lightning Experience,Use Your Lightning Knowledge Base EDITIONS Available in Lightning Experience Salesforce Knowledge is available in Essentials and Unlimited Editions with Service Cloud Salesforce Knowledge is available for an...
q02,4,sales_core_p0220_023,False,sales_core.pdf,220,220,18,merge duplicate accounts|account owner|role hierarchy,Sales Core Guide p220 chunk 23: Merge Duplicate Accounts in Salesforce Classic EDITIONS Available in Salesforce,Merge Duplicate Accounts in Salesforce Classic EDITIONS Available in Salesforce Classic not available in all orgs Business accounts available in All Editions except Database com Person accounts available in Enterprise...
q02,5,lightning_knowledge_guide_p0014_009,False,lightning_knowledge_guide.pdf,14,14,15,Lightning Experience,Lightning Knowledge Guide p14 chunk 9: Lightning Knowledge Limitations EDITIONS Available in Salesforce Classic not available,Lightning Knowledge Limitations EDITIONS Available in Salesforce Classic not available in all orgs and Lightning Experience Salesforce Knowledge is available in Essentials and Unlimited Editions with Service Cloud...
q02,6,lightning_knowledge_guide_p0016_011,False,lightning_knowledge_guide.pdf,16,16,15,Lightning Experience,Lightning Knowledge Guide p16 chunk 11: Console Limitations for Lightning Knowledge The Knowledge footer isn t,Console Limitations for Lightning Knowledge The Knowledge footer isn t in the Lightning Service Console Instead add the Knowledge component to any object s record home page You can also create a global action or an...
q02,7,lightning_knowledge_guide_p0019_013,False,lightning_knowledge_guide.pdf,19,19,15,Lightning Experience,Lightning Knowledge Guide p19 chunk 13: Set Up and Configure Lightning Knowledge EDITIONS Available in Lightning,Set Up and Configure Lightning Knowledge EDITIONS Available in Lightning Experience Salesforce Knowledge is available in Essentials and Unlimited Editions with Service Cloud Salesforce Knowledge is available for an...
q02,8,salesforce_security_impl_guide_p0046_018,False,salesforce_security_impl_guide.pdf,46,46,15,Lightning Experience|role hierarchy,Salesforce Security Implementation Guide p46 chunk 18: What Happens When a User Creates a Record Custom Record,What Happens When a User Creates a Record Custom Record Types in Permission Set or Permission Set Group Assigned Record Type Assigned on Profile Users are prompted to select a record type In their personal settings...
q02,9,lightning_knowledge_guide_p0005_001,False,lightning_knowledge_guide.pdf,5,5,12,Lightning Experience,Lightning Knowledge Guide p5 chunk 1: CREATE A KNOWLEDGE BASE WITH SALESFORCE KNOWLEDGE EDITIONS Available in,CREATE A KNOWLEDGE BASE WITH SALESFORCE KNOWLEDGE EDITIONS Available in Salesforce Classic not available in all orgs and Lightning Experience Salesforce Knowledge is available in Essentials and the Unlimited Edition...
q02,10,lightning_knowledge_guide_p0020_014,False,lightning_knowledge_guide.pdf,20,20,12,Lightning Experience,Lightning Knowledge Guide p20 chunk 14: Enable Lightning Knowledge EDITIONS Available in Lightning Experience Salesforce Knowledge,Enable Lightning Knowledge EDITIONS Available in Lightning Experience Salesforce Knowledge is available in Essentials and Unlimited Editions with Service Cloud Salesforce Knowledge is available for an additional cost...
q02,11,sales_core_p0095_001,False,sales_core.pdf,95,95,12,Lightning Experience,Sales Core Guide p95 chunk 1: Convert Qualified Leads EDITIONS Available in Salesforce Classic not available,Convert Qualified Leads EDITIONS Available in Salesforce Classic not available in all orgs and Lightning Experience Available in Starter Essentials Group Professional Enterprise Performance Unlimited Pro Suite and...
q02,12,sales_core_p0096_002,False,sales_core.pdf,96,96,12,Lightning Experience,Sales Core Guide p96 chunk 2: Troubleshoot Lead Conversion EDITIONS Available in Salesforce Classic not available,Troubleshoot Lead Conversion EDITIONS Available in Salesforce Classic not available in all orgs and Lightning Experience Available in Starter Essentials Group Professional Enterprise Performance Unlimited Pro Suite...
q03,1,agentforce_contact_center_5_30_2026_p0584_010,True,agentforce_contact_center_5-30-2026.pdf,584,584,59,Email-to-Case|routing address|email services address,Agentforce Contact Center Guide p584 chunk 10: automations and the Omni-Channel flow that routes emails verify that,automations and the Omni-Channel flow that routes emails verify that you exclude email cases from any Case automations that route cases when they are created Step 1 Create Your Routing Address First create a routing...
q03,2,agentforce_contact_center_5_30_2026_p0576_002,True,agentforce_contact_center_5-30-2026.pdf,576,576,29,Email-to-Case|incoming email|routing address|email services address,Agentforce Contact Center Guide p576 chunk 2: REQUIRED EDITIONS REQUIRED EDITIONS View supported editions USER PERMISSIONS NEEDED,REQUIRED EDITIONS REQUIRED EDITIONS View supported editions USER PERMISSIONS NEEDED To enable and set up Email-to-Case Customize Application Tip Check out this feature in Salesforce Go Find a guided setup experience...
q03,3,agentforce_contact_center_5_30_2026_p0577_003,True,agentforce_contact_center_5-30-2026.pdf,577,577,25,Email-to-Case|create case|incoming email|routing address,Agentforce Contact Center Guide p577 chunk 3: b b From the Support Settings page in Setup select,b b From the Support Settings page in Setup select a Default Case Owner and an Automated Case User When you add routing addresses you also have the option to add custom case ownership preferences that override the...
q03,4,agentforce_contact_center_5_30_2026_p0575_001,True,agentforce_contact_center_5-30-2026.pdf,575,575,21,Email-to-Case|support email|routing address|email services address,Agentforce Contact Center Guide p575 chunk 1: Limit Value process up to 10 000 email messages a,Limit Value process up to 10 000 email messages a day for all email services including Email-to-Case Messages that exceed this limit are bounced discarded or queued for processing the next day depending on how you...
q03,5,agentforce_contact_center_5_30_2026_p0593_019,False,agentforce_contact_center_5-30-2026.pdf,593,593,34,Email-to-Case|incoming email|routing address,Agentforce Contact Center Guide p593 chunk 19: How Email-to-Case Handles Processing Errors If Email-to-Case receives a Salesforce,How Email-to-Case Handles Processing Errors If Email-to-Case receives a Salesforce platform or database error when processing an incoming email it retries multiple times over a 30-hour period If Email-to-Case still...
q03,6,agentforce_contact_center_5_30_2026_p0592_018,False,agentforce_contact_center_5-30-2026.pdf,592,592,32,Email-to-Case|incoming email|routing address,Agentforce Contact Center Guide p592 chunk 18: representation of the latest action that occurred on that email,representation of the latest action that occurred on that email Inbound Email To and CC Address Storage Addresses for inbound email exhibit these behaviors Duplicate email addresses including email addresses with...
q03,7,agentforce_contact_center_5_30_2026_p0585_011,False,agentforce_contact_center_5-30-2026.pdf,585,585,29,Email-to-Case|create case|routing address,Agentforce Contact Center Guide p585 chunk 11: sets 6 6 Test your email routing address by manually,sets 6 6 Test your email routing address by manually sending an email to it Verify that a case was created to track the email and check that its default settings match the routing address settings 7 7 After you add an...
q03,8,agentforce_contact_center_5_30_2026_p0587_013,False,agentforce_contact_center_5-30-2026.pdf,587,587,23,Email-to-Case|routing address,Agentforce Contact Center Guide p587 chunk 13: Setting Description created to track emails converted to cases As,Setting Description created to track emails converted to cases As an alternative to selecting a Case Owner leave this field blank and create assignment rules that assign email cases to queues based on keywords For...
q03,9,agentforce_contact_center_5_30_2026_p0589_015,False,agentforce_contact_center_5-30-2026.pdf,589,589,20,Email-to-Case|routing address,Agentforce Contact Center Guide p589 chunk 15: If you add the GENERATED_CONTENT placeholder to an email or,If you add the GENERATED_CONTENT placeholder to an email or email template and then use Draft With Einstein the placeholder is replaced with the content generated by Einstein If you don t use this placeholder in a...
q03,10,agentforce_contact_center_5_30_2026_p0594_020,False,agentforce_contact_center_5-30-2026.pdf,594,594,19,Email-to-Case|routing address,Agentforce Contact Center Guide p594 chunk 20: Tip Using the same email address for Email-to-Case routing and,Tip Using the same email address for Email-to-Case routing and for other purposes isn t recommended because doing so can result in email loops Some Email Addresses Are Stripped Out on Email-to-Case Replies When...
q03,11,agentforce_contact_center_5_30_2026_p0583_009,False,agentforce_contact_center_5-30-2026.pdf,583,583,17,Email-to-Case|routing address|email services address,Agentforce Contact Center Guide p583 chunk 9: Setting What It Does Considerations attachments Invoke triggers on status,Setting What It Does Considerations attachments Invoke triggers on status change from New to Read Reply with new content only Insert email threading token in email subject Place user signatures before email threads...
q03,12,agentforce_contact_center_5_30_2026_p0597_023,False,agentforce_contact_center_5-30-2026.pdf,597,597,17,Email-to-Case|incoming email,Agentforce Contact Center Guide p597 chunk 23: Email threading tokens are a unique 23-character string formatted with,Email threading tokens are a unique 23-character string formatted with a prefix and suffix Here s an example thread pp5XPGfmNf2hRZdRCWnrohc When Lightning threading is in use threading tokens are added to the email...
q04,1,salesforce_apex_developer_guide_p0364_028,True,salesforce_apex_developer_guide.pdf,364,364,24,governor limit email warnings|warning email|governor limits|Apex warning email|email warnings,Salesforce Apex Developer Guide p364 chunk 28: Usage Value 700000 Maximum Limit 800000 When you use the,Usage Value 700000 Maximum Limit 800000 When you use the OrgLimits class keep these considerations in mind If the Use elastic limits for asynchronous Apex jobs Beta setting isn t enabled the OrgLimits getMap method...
q04,2,mc_journeys_and_automations_p0266_023,False,mc_journeys_and_automations.pdf,266,266,6,governor limits,Marketing Cloud Journeys and Automations p266 chunk 23: Note The Test Mode feature in Journey Builder doesn t,Note The Test Mode feature in Journey Builder doesn t support Salesforce Entry Sources The integration between Engagement and Sales Cloud uses Flows Process Builder Apex Platform Events and SOAP APIs Therefore...
q04,3,salesforce_apex_developer_guide_p0290_017,False,salesforce_apex_developer_guide.pdf,290,290,6,governor limits,Salesforce Apex Developer Guide p290 chunk 17: This is an example of a flawed programming pattern It,This is an example of a flawed programming pattern It assumes that only one record is pulled in during a trigger invocation While this might support most user interface events it does not support bulk operations...
q04,4,salesforce_apex_developer_guide_p0291_018,False,salesforce_apex_developer_guide.pdf,291,291,6,governor limits,Salesforce Apex Developer Guide p291 chunk 18: When to UseAsynchronous Apex Feature Batch Apex For long-running jobs,When to UseAsynchronous Apex Feature Batch Apex For long-running jobs with large data volumes that need to be performed in batches such as database maintenance jobs For jobs that need larger query results than regular...
q04,5,salesforce_apex_developer_guide_p0353_026,False,salesforce_apex_developer_guide.pdf,353,353,6,governor limits,Salesforce Apex Developer Guide p353 chunk 26: System assertNotEquals null m Add a new invoice Invoice_Statement__c i,System assertNotEquals null m Add a new invoice Invoice_Statement__c i new Invoice_Statement__c Description__c pDesc insert i Add a new line item to the invoice Line_Item__c li new Line_Item__c Name 1...
q04,6,extend_click_automate_p1002_028,False,extend_click_automate.pdf,1002,1002,3,warning email,Salesforce Flow and Click-Based Automation Guide p1002 chunk 28: Important Starting in Winter 23 you can t create new,Important Starting in Winter 23 you can t create new workflow rules You can still activate deactivate and edit any existing workflow rules To migrate existing workflow rules use the Migrate to Flow tool on page 894...
q04,7,sales_core_p0102_003,False,sales_core.pdf,102,102,3,governor limits,Sales Core Guide p102 chunk 3: Considerations for Converting Leads EDITIONS Available in Salesforce Classic not,Considerations for Converting Leads EDITIONS Available in Salesforce Classic not available in all orgs and Lightning Experience Available in Starter Essentials Group Professional Enterprise Performance Unlimited Pro...
q04,8,salesforce_apex_developer_guide_p0141_003,False,salesforce_apex_developer_guide.pdf,141,141,3,governor limits,Salesforce Apex Developer Guide p141 chunk 3: Changing a field or object name Converting from one data,Changing a field or object name Converting from one data type to another Deleting a field or object Making certain organization-wide changes such as record sharing field history tracking or record types Data...
q04,9,salesforce_apex_developer_guide_p0142_004,False,salesforce_apex_developer_guide.pdf,142,142,3,governor limits,Salesforce Apex Developer Guide p142 chunk 4: The for loop iterates over contacts For each contact if,The for loop iterates over contacts For each contact if the department field matches a certain value it sets a new value for the Description field If the list contains more than items the 151st update returns an...
q04,10,salesforce_apex_developer_guide_p0268_013,False,salesforce_apex_developer_guide.pdf,268,268,3,governor limits,Salesforce Apex Developer Guide p268 chunk 13: Invoking Apex You can run Apex code with triggers or,Invoking Apex You can run Apex code with triggers or asynchronously or as SOAP or REST web services Apex Transactions and Governor Limits Apex Transactions ensure the integrity of data Apex code runs as part of atomic...
q04,11,salesforce_apex_developer_guide_p0271_015,False,salesforce_apex_developer_guide.pdf,271,273,3,governor limits,Salesforce Apex Developer Guide p271 chunk 15: a trigger that changes an object or field with history,a trigger that changes an object or field with history tracking enabled no history of the change is recorded Callouts must be made asynchronously from a trigger so that the trigger process isn t blocked while waiting...
q04,12,salesforce_apex_developer_guide_p0311_020,False,salesforce_apex_developer_guide.pdf,311,311,3,governor limits,Salesforce Apex Developer Guide p311 chunk 20: Firing Platform Events from Batch Apex Batch Apex classes can,Firing Platform Events from Batch Apex Batch Apex classes can fire platform events when encountering an error or exception Clients listening on an event can obtain actionable information such as how often the event...
q05,1,sales_core_p0280_027,True,sales_core.pdf,280,284,126,Contact|multiple Accounts|related contacts|contacts to multiple accounts|Related Accounts|Related Contacts,Sales Core Guide p280 chunk 27: Set Up Contacts to Multiple Accounts EDITIONS Available in both,Set Up Contacts to Multiple Accounts EDITIONS Available in both Salesforce Classic not available in all orgs and Lightning Experience Available in Contact Manager Group Professional Enterprise Performance Unlimited...
q05,2,sales_core_p0280_028,True,sales_core.pdf,280,284,62,Contact|multiple Accounts|related contacts|contacts to multiple accounts|Related Accounts|Related Contacts,Sales Core Guide p280 chunk 28: From the Available Fields column select the Direct field and,From the Available Fields column select the Direct field and click Add c Click OK 7 Because the Related Contacts related list includes all direct contacts you can remove the Contacts related list on your account page...
q05,3,sales_core_p0288_030,False,sales_core.pdf,288,288,77,Contact|multiple Accounts|related contacts|contacts to multiple accounts|Related Accounts|Related Contacts,Sales Core Guide p288 chunk 30: Most features continue to reference a contact s primary account,Most features continue to reference a contact s primary account For example duplicate management uses the primary account when comparing records For that reason indirect account contact relationships can t be included...
q05,4,sales_core_p0287_029,False,sales_core.pdf,287,287,70,Contact|multiple Accounts|related contacts|contacts to multiple accounts|Related Accounts|Related Contacts,Sales Core Guide p287 chunk 29: Create and Edit Relationships Between Contacts and Accounts EDITIONS Available,Create and Edit Relationships Between Contacts and Accounts EDITIONS Available in both Salesforce Classic not available in all orgs and Lightning Experience Available in Contact Manager Group Professional Enterprise...
q05,5,sales_core_p0277_026,False,sales_core.pdf,277,277,59,Contact|multiple Accounts|contacts to multiple accounts,Sales Core Guide p277 chunk 26: After a contact is created automatically the ContactSource field on,After a contact is created automatically the ContactSource field on the Contact record is set to Auto Create SEE ALSO Considerations for Automatic Contact Creation Contacts to Multiple Accounts EDITIONS Available in...
q05,6,sales_core_p0296_032,False,sales_core.pdf,296,296,59,Contact,Sales Core Guide p296 chunk 32: Add and Manage Opportunity Contact Roles EDITIONS Available in both,Add and Manage Opportunity Contact Roles EDITIONS Available in both Salesforce Classic and Lightning Experience Available in All Editions USER PERMISSIONS To add or edit opportunity contact roles Edit on opportunities...
q05,7,sales_core_p0292_031,False,sales_core.pdf,292,292,48,Contact,Sales Core Guide p292 chunk 31: Add and Manage Contact Roles in Salesforce Classic EDITIONS Available,Add and Manage Contact Roles in Salesforce Classic EDITIONS Available in Salesforce Classic Available in all editions USER PERMISSIONS To add or edit contact roles Edit on the object the contact roles are on such as...
q05,8,engagement_audience_builder_and_contact_builder_5_30_2026_p0183_015,False,engagement_audience_builder_and_contact_builder_5-30-2026.pdf,183,183,34,Contact,Marketing Cloud Audience Builder and Contact Builder p183 chunk 15: the synchronized users leads and contacts are registered as contacts,the synchronized users leads and contacts are registered as contacts in Engagement at the time of sync They re assigned a channel address only when Engagement sends a message to them Also account for contacts that don...
q05,9,engagement_audience_builder_and_contact_builder_5_30_2026_p0168_011,False,engagement_audience_builder_and_contact_builder_5-30-2026.pdf,168,168,33,Contact,Marketing Cloud Audience Builder and Contact Builder p168 chunk 11: extension can include multiple attributes You can link data extensions,extension can include multiple attributes You can link data extensions to the contact record or different data extensions including data extensions from other attribute groups Create a Population in Contact Builder...
q05,10,engagement_audience_builder_and_contact_builder_5_30_2026_p0182_014,False,engagement_audience_builder_and_contact_builder_5-30-2026.pdf,182,182,30,Contact,Marketing Cloud Audience Builder and Contact Builder p182 chunk 14: Enterprise 2 0 Contacts Enterprise 2 0 accounts include all,Enterprise 2 0 Contacts Enterprise 2 0 accounts include all child business units in the Contact Builder All Contacts list count A child business unit shows contact counts when that business unit uses populations in...
q05,11,sales_core_p0102_003,False,sales_core.pdf,102,102,30,Contact|multiple Accounts|contacts to multiple accounts,Sales Core Guide p102 chunk 3: Considerations for Converting Leads EDITIONS Available in Salesforce Classic not,Considerations for Converting Leads EDITIONS Available in Salesforce Classic not available in all orgs and Lightning Experience Available in Starter Essentials Group Professional Enterprise Performance Unlimited Pro...
q05,12,mc_journeys_and_automations_p0239_008,False,mc_journeys_and_automations.pdf,239,239,28,Contact,Marketing Cloud Journeys and Automations p239 chunk 8: Select Use email attribute from Entry Source If a contact,Select Use email attribute from Entry Source If a contact s email address is unlikely to change or a journey doesn t allow re-entry use the email for the contact at entry Considerations Many entry source data...
q06,1,sales_core_p0166_020,True,sales_core.pdf,166,166,58,Quote|Opportunity|multiple quotes|prices,Sales Core Guide p166 chunk 20: Manage Your Quotes EDITIONS Available in Salesforce Classic and Lightning,Manage Your Quotes EDITIONS Available in Salesforce Classic and Lightning Experience Available in Performance and Developer Editions In Sales Cloud also available in Professional Enterprise and Unlimited Editions Show...
q06,2,sales_core_p0175_021,False,sales_core.pdf,175,175,59,Quote|Opportunity|prices,Sales Core Guide p175 chunk 21: Considerations for Deleting Quotes EDITIONS Available in Salesforce Classic not,Considerations for Deleting Quotes EDITIONS Available in Salesforce Classic not available in all orgs and Lightning Experience Available in Performance and Developer Editions In Sales Cloud also available in...
q06,3,sales_core_p0296_032,False,sales_core.pdf,296,296,35,Opportunity,Sales Core Guide p296 chunk 32: Add and Manage Opportunity Contact Roles EDITIONS Available in both,Add and Manage Opportunity Contact Roles EDITIONS Available in both Salesforce Classic and Lightning Experience Available in All Editions USER PERMISSIONS To add or edit opportunity contact roles Edit on opportunities...
q06,4,sales_core_p0126_013,False,sales_core.pdf,126,126,22,Quote|Opportunity|prices,Sales Core Guide p126 chunk 13: Considerations for Setting Prices EDITIONS Orders available in Products product,Considerations for Setting Prices EDITIONS Orders available in Products product Salesforce Classic schedules price books and quotes available in both Salesforce Classic and Lightning Experience Quotes available in...
q06,5,sales_core_p0118_010,False,sales_core.pdf,118,118,20,Quote|Opportunity|prices,Sales Core Guide p118 chunk 10: What status is assigned to web-generated leads All new web,What status is assigned to web-generated leads All new web leads are marked with a status equal to the default status that your administrator selects when editing the Lead Status picklist values In addition web-...
q06,6,sales_core_p0138_019,False,sales_core.pdf,138,138,18,Quote|Opportunity,Sales Core Guide p138 chunk 19: DescriptionField The internal code or product number used to identify,DescriptionField The internal code or product number used to identify the product Product Code The standard price for the product This field is derived and doesn t exist on the underlying PricebookEntry standard...
q06,7,sales_core_p0414_035,False,sales_core.pdf,414,414,16,Opportunity,Sales Core Guide p414 chunk 35: Forecast Category The category within the sales cycle to which,Forecast Category The category within the sales cycle to which an opportunity is assigned based on its opportunity stage The standard forecast categories are Pipeline Best Case Commit Omitted not included in forecasts...
q06,8,sales_core_p0378_034,False,sales_core.pdf,378,378,13,Opportunity,Sales Core Guide p378 chunk 34: HierarchyDate TypeGroupMeasureObject Custom currency revenue Product familyLine Item Schedule Used,HierarchyDate TypeGroupMeasureObject Custom currency revenue Product familyLine Item Schedule Used for product family grouping and required for schedule date forecasts Territory Schedule dateRevenue Quantity User role...
q06,9,sales_core_p0124_011,False,sales_core.pdf,124,124,12,Quote|prices,Sales Core Guide p124 chunk 11: Set and Edit Product Prices in Salesforce Classic EDITIONS Orders,Set and Edit Product Prices in Salesforce Classic EDITIONS Orders available in Products product Salesforce Classic schedules price books and quotes available in both Salesforce Classic and Lightning Experience Quotes...
q06,10,sales_core_p0131_014,False,sales_core.pdf,131,131,12,prices,Sales Core Guide p131 chunk 14: Manage Price Books EDITIONS Available in both Salesforce Classic not,Manage Price Books EDITIONS Available in both Salesforce Classic not available in all orgs and Lightning Experience Available in Professional Enterprise Performance Unlimited and Developer Editions Price books track...
q06,11,sales_core_p0133_016,False,sales_core.pdf,133,133,12,Quote|Opportunity,Sales Core Guide p133 chunk 16: Considerations for Creating and Maintaining Price Books EDITIONS Orders available,Considerations for Creating and Maintaining Price Books EDITIONS Orders available in Products product Salesforce Classic schedules price books and quotes available in both Salesforce Classic and Lightning Experience...
q06,12,sales_core_p0134_017,False,sales_core.pdf,134,134,12,Quote|Opportunity|prices,Sales Core Guide p134 chunk 17: Does your sales team want to see prices on the,Does your sales team want to see prices on the product detail page If your organization-wide default for price books is No Access you can give your entire organization View Only access to your standard price book...
q07,1,extend_click_automate_p0037_006,True,extend_click_automate.pdf,37,37,71,Flow|before-save|record-triggered flow,Salesforce Flow and Click-Based Automation Guide p37 chunk 6: Flows that make before-save updates are typically simpler to build,Flows that make before-save updates are typically simpler to build than other types of flows The Record global variable contains the values from the record that triggers the flow to run As a result there s no need to...
q07,2,extend_click_automate_p0036_005,True,extend_click_automate.pdf,36,36,48,Flow|before-save|record-triggered flow,Salesforce Flow and Click-Based Automation Guide p36 chunk 5: Record-triggered flows created with a flow template don t appear,Record-triggered flows created with a flow template don t appear in Flow Trigger Explorer SEE ALSO Guidelines for Defining the Run Order of Record-Triggered Flows for an Object Schedule Triggers for Flows That Run for...
q07,3,extend_click_automate_p0224_011,False,extend_click_automate.pdf,224,224,73,Flow|record-triggered flow,Salesforce Flow and Click-Based Automation Guide p224 chunk 11: 3 Add a Flows action to the process a For,3 Add a Flows action to the process a For Flow search for and select the flow that you created b Optionally click Add Row to set values for the flow s variables 4 Activate the process Launch a Flow from a Workflow...
q07,4,extend_click_automate_p1014_029,False,extend_click_automate.pdf,1014,1014,71,Flow|record-triggered flow,Salesforce Flow and Click-Based Automation Guide p1014 chunk 29: then save your changes For information about finding and deleting,then save your changes For information about finding and deleting time-based workflow actions in the queue see Monitor Pending Workflow Actions on page 1021 You also can t add or remove time triggers if The workflow...
q07,5,extend_click_automate_p0888_024,False,extend_click_automate.pdf,888,888,63,Flow|before-save|field update|record-triggered flow,Salesforce Flow and Click-Based Automation Guide p888 chunk 24: Salesforce Admins Blog Use Flow Trigger Explorer to Easily View,Salesforce Admins Blog Use Flow Trigger Explorer to Easily View All Your Triggered Automation in One Place Salesforce Architects Record-Triggered Automation Guide Salesforce Help Record Triggers for Flows That Make...
q07,6,extend_click_automate_p0238_013,False,extend_click_automate.pdf,238,244,59,Flow|record-triggered flow,Salesforce Flow and Click-Based Automation Guide p238 chunk 13: Processes with Salesforce Flow The debug details for the run,Processes with Salesforce Flow The debug details for the run appear in a panel on the right 6 If you selected Debug wait element behavior when you set the debug options select a Wait Path and then click Continue the...
q07,7,extend_click_automate_p1026_030,False,extend_click_automate.pdf,1026,1026,56,Flow|field update|record-triggered flow,Salesforce Flow and Click-Based Automation Guide p1026 chunk 30: Workflow Terminology EDITIONS Available in both Lightning Experience and Salesforce,Workflow Terminology EDITIONS Available in both Lightning Experience and Salesforce Classic Flow triggers are available in Salesforce Classic Available in Enterprise Performance Unlimited and Developer Editions...
q07,8,extend_click_automate_p0238_012,False,extend_click_automate.pdf,238,244,53,Flow,Salesforce Flow and Click-Based Automation Guide p238 chunk 12: Debug a Flow in Flow Builder If you re troubleshooting,Debug a Flow in Flow Builder If you re troubleshooting a flow that fails the debug option in Flow Builder can be your best friend See real-time details of what your flow does set input variables and restart the flow...
q07,9,extend_click_automate_p0277_016,False,extend_click_automate.pdf,277,277,45,Flow|record-triggered flow,Salesforce Flow and Click-Based Automation Guide p277 chunk 16: At run time if a schedule-triggered flow has a Create,At run time if a schedule-triggered flow has a Create Records Delete Records Get Records or Update Records element that processes multiple records and some records fail all records are rolled back The successful...
q07,10,extend_click_automate_p0319_019,False,extend_click_automate.pdf,319,319,42,Flow|record-triggered flow,Salesforce Flow and Click-Based Automation Guide p319 chunk 19: Flow Element Loop Start a loop path for iterating over,Flow Element Loop Start a loop path for iterating over items in a collection variable For each iteration the flow temporarily stores the item in the loop variable To execute actions on each item s field values use...
q07,11,extend_click_automate_p1002_028,False,extend_click_automate.pdf,1002,1002,38,Flow|field update,Salesforce Flow and Click-Based Automation Guide p1002 chunk 28: Important Starting in Winter 23 you can t create new,Important Starting in Winter 23 you can t create new workflow rules You can still activate deactivate and edit any existing workflow rules To migrate existing workflow rules use the Migrate to Flow tool on page 894...
q07,12,extend_click_automate_p0895_025,False,extend_click_automate.pdf,895,895,37,Flow|before-save|field update,Salesforce Flow and Click-Based Automation Guide p895 chunk 25: Resources The Salesforce Admins Automation page is a great resource,Resources The Salesforce Admins Automation page is a great resource to help you start automating business processes You can explore flow templates on AppExchange or navigate to an automation tool directly SEE ALSO...
q08,1,mc_journeys_and_automations_p0322_035,True,mc_journeys_and_automations.pdf,322,322,28,WhatsApp|template approval|Content Builder|Journey Builder|campaign|WhatsApp Message activity,Marketing Cloud Journeys and Automations p322 chunk 35: Note You can t use Journey Builder Engagement Splits and,Note You can t use Journey Builder Engagement Splits and Campaigns with WhatsApp messages 1 Click Create New Journey 2 Click Build under Multi-Step Journey 3 Drag your entry source onto the canvas You can use Data...
q08,2,mc_journeys_and_automations_p0321_034,True,mc_journeys_and_automations.pdf,321,321,24,WhatsApp|Content Builder|Journey Builder,Marketing Cloud Journeys and Automations p321 chunk 34: A Quick Reply button encourages a customer to reply to,A Quick Reply button encourages a customer to reply to your message For example if you send a template message asking your customer if they want to learn more about a special offer you can include Yes and No buttons...
q08,3,mc_journeys_and_automations_p0300_028,False,mc_journeys_and_automations.pdf,300,300,93,WhatsApp|Content Builder|Journey Builder,Marketing Cloud Journeys and Automations p300 chunk 28: Create a Multi-Content Message LINE Activity in Journey Builder Use,Create a Multi-Content Message LINE Activity in Journey Builder Use a multi-content message in a LINE Message activity to power Journey Builder sends to Marketing Cloud Engagement contacts in a journey A multi-content...
q08,4,mc_journeys_and_automations_p0195_005,False,mc_journeys_and_automations.pdf,195,195,64,Journey Builder|campaign,Marketing Cloud Journeys and Automations p195 chunk 5: Journey Settings To get the best performance from your journeys,Journey Settings To get the best performance from your journeys configure Journey Settings to determine when the contact enters a Marketing Cloud Engagement journey and which address Journey Builder uses to message...
q08,5,mc_journeys_and_automations_p0293_027,False,mc_journeys_and_automations.pdf,293,293,54,Content Builder|Journey Builder,Marketing Cloud Journeys and Automations p293 chunk 27: Mobile Activities in Journey Builder Journey Builder includes the SMS,Mobile Activities in Journey Builder Journey Builder includes the SMS LINE Message Push Notification In-App Message and Inbox activities for sending to mobile devices from a journey Add MobilePush inbox messages...
q08,6,mc_journeys_and_automations_p0339_039,False,mc_journeys_and_automations.pdf,339,339,53,Journey Builder|campaign,Marketing Cloud Journeys and Automations p339 chunk 39: Only sendable data extensions can be used with this activity,Only sendable data extensions can be used with this activity Sales and Service Cloud Activities Use Sales and Service Cloud activities to interact with Sales and Service Cloud These activities are available in...
q08,7,mc_journeys_and_automations_p0309_030,False,mc_journeys_and_automations.pdf,309,309,48,WhatsApp|Content Builder|Journey Builder,Marketing Cloud Journeys and Automations p309 chunk 30: Referencing other Content Builder content in blocks returns table and,Referencing other Content Builder content in blocks returns table and HTML wrappers instead of text To reference this content use code snippets See ContentBlockbyID Marketing Cloud Engagement WhatsApp Messaging Use...
q08,8,mc_journeys_and_automations_p0310_031,False,mc_journeys_and_automations.pdf,310,310,48,WhatsApp|Content Builder|Journey Builder,Marketing Cloud Journeys and Automations p310 chunk 31: Create Your WhatsApp Audiences in Marketing Cloud Engagement Build your,Create Your WhatsApp Audiences in Marketing Cloud Engagement Build your audience for WhatsApp Chat Messages in Contact Builder Create a WhatsApp Template Message for Approval in Marketing Cloud Engagement Create...
q08,9,mc_journeys_and_automations_p0366_044,False,mc_journeys_and_automations.pdf,366,366,45,Journey Builder,Marketing Cloud Journeys and Automations p366 chunk 44: Convert Lead Activity Use the Convert Lead activity in Journey,Convert Lead Activity Use the Convert Lead activity in Journey Builder to convert qualified leads from Sales and Service Cloud into a contact or an account Assign a lead owner and notify that person via email Create...
q08,10,mc_journeys_and_automations_p0266_023,False,mc_journeys_and_automations.pdf,266,266,39,Journey Builder|campaign,Marketing Cloud Journeys and Automations p266 chunk 23: Note The Test Mode feature in Journey Builder doesn t,Note The Test Mode feature in Journey Builder doesn t support Salesforce Entry Sources The integration between Engagement and Sales Cloud uses Flows Process Builder Apex Platform Events and SOAP APIs Therefore...
q08,11,mc_journeys_and_automations_p0254_017,False,mc_journeys_and_automations.pdf,254,254,37,Journey Builder|campaign,Marketing Cloud Journeys and Automations p254 chunk 17: Select a Reusable Entry Source Select a reusable entry source,Select a Reusable Entry Source Select a reusable entry source in Journey Builder when the event you want to use was already created in another Marketing Cloud Engagement journey or on the Entry Sources page Create a...
q08,12,mc_journeys_and_automations_p0278_024,False,mc_journeys_and_automations.pdf,278,278,36,Journey Builder,Marketing Cloud Journeys and Automations p278 chunk 24: Linked Data Extensions in Journey Builder Your data setup affects,Linked Data Extensions in Journey Builder Your data setup affects how Marketing Cloud Engagement evaluates the contact attributes used in journey entry source filters wait activities or decision splits Review what...
q09,1,salesforce_apex_developer_guide_p0169_008,True,salesforce_apex_developer_guide.pdf,169,169,24,Profile|DML operations|sObjects|update|Apex,Salesforce Apex Developer Guide p169 chunk 8: This class calls the method in the previous class isTest,This class calls the method in the previous class isTest public class UserAndContactTest public testmethod static void testUserAndContact InsertFutureUser insertUser Contact currentContact new Contact firstName String...
q09,2,salesforce_apex_developer_guide_p0141_003,False,salesforce_apex_developer_guide.pdf,141,141,37,DML operations|sObjects|update|Apex,Salesforce Apex Developer Guide p141 chunk 3: Changing a field or object name Converting from one data,Changing a field or object name Converting from one data type to another Deleting a field or object Making certain organization-wide changes such as record sharing field history tracking or record types Data...
q09,3,salesforce_apex_developer_guide_p0310_019,False,salesforce_apex_developer_guide.pdf,310,310,35,update|Apex,Salesforce Apex Developer Guide p310 chunk 19: With Batch Apex it s possible to force a new,With Batch Apex it s possible to force a new serialized state for new jobs by usingDatabase Stateful With Scheduled Apex use the transient keyword so that member variables and properties aren t persisted See Using the...
q09,4,salesforce_security_impl_guide_p0028_009,False,salesforce_security_impl_guide.pdf,28,28,35,Profile,Salesforce Security Implementation Guide p28 chunk 9: Edit Multiple Profiles with Profile List Views If enhanced profile,Edit Multiple Profiles with Profile List Views If enhanced profile list views are enabled for your organization you can change permissions in up to 200 profiles directly from the list view without accessing individual...
q09,5,salesforce_apex_developer_guide_p0268_013,False,salesforce_apex_developer_guide.pdf,268,268,34,update|Apex,Salesforce Apex Developer Guide p268 chunk 13: Invoking Apex You can run Apex code with triggers or,Invoking Apex You can run Apex code with triggers or asynchronously or as SOAP or REST web services Apex Transactions and Governor Limits Apex Transactions ensure the integrity of data Apex code runs as part of atomic...
q09,6,salesforce_security_impl_guide_p0149_030,False,salesforce_security_impl_guide.pdf,149,149,34,Profile|Apex,Salesforce Security Implementation Guide p149 chunk 30: The positive test cases rely on the results of SQQL,The positive test cases rely on the results of SQQL queries To ensure that these queries execute correctly we must also create some test data Let s look at the test code Tests for the ProfileIdentityEventCondition...
q09,7,salesforce_apex_developer_guide_p0291_018,False,salesforce_apex_developer_guide.pdf,291,291,33,DML operations|Apex,Salesforce Apex Developer Guide p291 chunk 18: When to UseAsynchronous Apex Feature Batch Apex For long-running jobs,When to UseAsynchronous Apex Feature Batch Apex For long-running jobs with large data volumes that need to be performed in batches such as database maintenance jobs For jobs that need larger query results than regular...
q09,8,salesforce_apex_developer_guide_p0325_023,False,salesforce_apex_developer_guide.pdf,325,325,31,Apex,Salesforce Apex Developer Guide p325 chunk 23: Note For API version 25 0 and earlier you can,Note For API version 25 0 and earlier you can t call Database executeBatch or System scheduleBatch from any batch Apex method The API version that s used is the version of the running batch class that starts or...
q09,9,salesforce_apex_developer_guide_p0145_007,False,salesforce_apex_developer_guide.pdf,145,145,29,DML operations|sObjects|update|Apex,Salesforce Apex Developer Guide p145 chunk 7: The Database class also provides methods not available as DML,The Database class also provides methods not available as DML statements such as methods transaction control and rollback emptying the Recycle Bin and methods related to SOQL queries SEE ALSO Apex Reference Guide...
q09,10,salesforce_security_impl_guide_p0032_011,False,salesforce_security_impl_guide.pdf,32,32,29,Profile,Salesforce Security Implementation Guide p32 chunk 11: View and Edit Login Hours in Profiles EDITIONS Available in,View and Edit Login Hours in Profiles EDITIONS Available in both Salesforce Classic not available in all orgs and Lightning Experience Available in Enterprise Performance Unlimited Developer and Database com Editions...
q09,11,salesforce_apex_developer_guide_p0142_004,False,salesforce_apex_developer_guide.pdf,142,142,28,DML operations|sObjects|update|Apex,Salesforce Apex Developer Guide p142 chunk 4: The for loop iterates over contacts For each contact if,The for loop iterates over contacts For each contact if the department field matches a certain value it sets a new value for the Description field If the list contains more than items the 151st update returns an...
q09,12,salesforce_apex_developer_guide_p0353_026,False,salesforce_apex_developer_guide.pdf,353,353,25,update|Apex,Salesforce Apex Developer Guide p353 chunk 26: System assertNotEquals null m Add a new invoice Invoice_Statement__c i,System assertNotEquals null m Add a new invoice Invoice_Statement__c i new Invoice_Statement__c Description__c pDesc insert i Add a new line item to the invoice Line_Item__c li new Line_Item__c Name 1...
q10,1,messaging_admin_implementation_guide_p0039_010,True,messaging_admin_implementation_guide.pdf,39,39,35,Omni-Channel Flow|queue|Messaging Session,Salesforce Messaging Administrator Guide p39 chunk 10: Route Service Cloud Messaging Sessions with Omni-Channel Flows EDITIONS Available,Route Service Cloud Messaging Sessions with Omni-Channel Flows EDITIONS Available in Lightning Experience View required editions Standard and This article applies to enhanced WhatsApp standard and enhanced Facebook...
q10,2,messaging_admin_implementation_guide_p0040_011,True,messaging_admin_implementation_guide.pdf,40,40,12,Omni-Channel Flow|queue|Check Availability for Routing|route to an agent,Salesforce Messaging Administrator Guide p40 chunk 11: 3 Click New Flow 4 Select Use a Template then,3 Click New Flow 4 Select Use a Template then click Next 5 Select Omni-Channel Flow in the left pane and click the template named Messages Routed to Agents and Queues 6 To open the template click Create 7 Edit the...
q10,3,messaging_admin_implementation_guide_p0466_026,False,messaging_admin_implementation_guide.pdf,466,466,58,queue|Messaging Session,Salesforce Messaging Administrator Guide p466 chunk 26: Message with Customers in the Service Console EDITIONS Available in,Message with Customers in the Service Console EDITIONS Available in Lightning Experience View required editions Messaging for In-App This article applies to Messaging for Web standard and enhanced WhatsApp standard...
q10,4,messaging_admin_implementation_guide_p0028_006,False,messaging_admin_implementation_guide.pdf,28,28,57,Messaging Session,Salesforce Messaging Administrator Guide p28 chunk 6: Standard Messaging Sessions Business-Initiated Review possible status transitions for messaging,Standard Messaging Sessions Business-Initiated Review possible status transitions for messaging sessions initiated by agents in standard Messaging channels Agents-initiated messaging is in beta in standard WhatsApp...
q10,5,messaging_admin_implementation_guide_p0497_030,False,messaging_admin_implementation_guide.pdf,497,497,57,Messaging Session,Salesforce Messaging Administrator Guide p497 chunk 30: USER PERMISSIONS To end Messaging for In-App and Web messaging,USER PERMISSIONS To end Messaging for In-App and Web messaging sessions on the session record Messaging for In-App and Web permission set license AND Messaging for In-App and Web user permission AND Owner of the...
q10,6,messaging_admin_implementation_guide_p0029_007,False,messaging_admin_implementation_guide.pdf,29,29,45,Messaging Session,Salesforce Messaging Administrator Guide p29 chunk 7: messages about new products but hasn t sent a unique,messages about new products but hasn t sent a unique inquiry that requires the attention of a bot or agent The Consent status value helps you design routing flows that exclude consent-related messaging sessions from...
q10,7,messaging_admin_implementation_guide_p0492_029,False,messaging_admin_implementation_guide.pdf,492,492,35,queue|Messaging Session,Salesforce Messaging Administrator Guide p492 chunk 29: USER PERMISSIONS To transfer enhanced messaging sessions to flows Run,USER PERMISSIONS To transfer enhanced messaging sessions to flows Run Flows To receive transferred messaging sessions or end your own messaging sessions in Messaging for In-App and Web Messaging for In-App and Web...
q10,8,messaging_admin_implementation_guide_p0296_022,False,messaging_admin_implementation_guide.pdf,296,296,33,Messaging Session,Salesforce Messaging Administrator Guide p296 chunk 22: Create and Send Auto-Response Components in Messaging Sessions Create a,Create and Send Auto-Response Components in Messaging Sessions Create a text or link response that s sent automatically when a customer initiates a messaging session an agent joins a customer stops responding or a...
q10,9,messaging_admin_implementation_guide_p0023_004,False,messaging_admin_implementation_guide.pdf,23,23,30,Messaging Session,Salesforce Messaging Administrator Guide p23 chunk 4: DefinitionTerm prevents requests to Salesforce Lightning apps unless the request,DefinitionTerm prevents requests to Salesforce Lightning apps unless the request comes from your approved URL list A way to further customize the Messaging experience or routing for a particular channel For example...
q10,10,messaging_admin_implementation_guide_p0037_009,False,messaging_admin_implementation_guide.pdf,37,37,30,Omni-Channel Flow|queue|Messaging Session,Salesforce Messaging Administrator Guide p37 chunk 9: Set Up Routing for Messaging Channels in Service Cloud EDITIONS,Set Up Routing for Messaging Channels in Service Cloud EDITIONS Available in Lightning Experience View required editions Standard and This article applies to enhanced WhatsApp standard and enhanced Facebook Messenger...
q10,11,messaging_admin_implementation_guide_p0472_027,False,messaging_admin_implementation_guide.pdf,472,472,30,Messaging Session,Salesforce Messaging Administrator Guide p472 chunk 27: Start a Messaging Session with a Customer EDITIONS Available in,Start a Messaging Session with a Customer EDITIONS Available in Lightning Experience View required editions Messaging for In-App This article applies to standard and enhanced WhatsApp standard and enhanced Facebook...
q10,12,messaging_admin_implementation_guide_p0044_012,False,messaging_admin_implementation_guide.pdf,44,44,28,Omni-Channel Flow|queue|Messaging Session,Salesforce Messaging Administrator Guide p44 chunk 12: USER PERMISSIONS To create or change queues Customize Application AND,USER PERMISSIONS To create or change queues Customize Application AND Manage Public List Views To set up and edit Messaging channels Configure Messaging To view channels View Setup and Configuration Route customer...
q11,1,lightning_knowledge_guide_p0011_007,True,lightning_knowledge_guide.pdf,11,11,63,Knowledge Scalability|article versions|translations|capacity|versions per article|languages,Lightning Knowledge Guide p11 chunk 7: Article Version and Language AllocationsEdition 500 articles 10 versions per,Article Version and Language AllocationsEdition 500 articles 10 versions per article 1 languageEssentials 500 articles 10 versions per article 1 languageProfessional 50 000 articles 10 versions per article 5...
q11,2,lightning_knowledge_guide_p0012_008,True,lightning_knowledge_guide.pdf,12,12,33,Knowledge Scalability|versions per article|languages|Storage Usage|Knowledge Versions,Lightning Knowledge Guide p12 chunk 8: Note If you require more than the allocated default maximum,Note If you require more than the allocated default maximum you can ask Salesforce Support to increase the article limits Article Version and Language AllocationsEdition 500 articles 10 versions per article 1...
q11,3,lightning_knowledge_guide_p0066_024,False,lightning_knowledge_guide.pdf,66,66,16,translations|languages,Lightning Knowledge Guide p66 chunk 24: Possible ActionDescriptionStatus This status doesn t mean the import or,Possible ActionDescriptionStatus This status doesn t mean the import or export is successful Click Email Log to check the details of your import or export Click the exported zip file to save or open the file on your...
q11,4,lightning_knowledge_guide_p0069_026,False,lightning_knowledge_guide.pdf,69,69,16,translations,Lightning Knowledge Guide p69 chunk 26: ViewDescriptionColumn Draft and published translationsThe language an article is translated,ViewDescriptionColumn Draft and published translationsThe language an article is translated into Language Draft and published translationsThe date and type of the last action taken on a translation Last Action Draft...
q11,5,lightning_knowledge_guide_p0010_006,False,lightning_knowledge_guide.pdf,10,10,15,versions per article|languages|Storage Usage,Lightning Knowledge Guide p10 chunk 6: Further InformationConsideration you can create more efficient collaboration within your,Further InformationConsideration you can create more efficient collaboration within your team and provide pertinent and accurate information to your customers Consider the following tips when planning and using...
q11,6,lightning_knowledge_guide_p0068_025,False,lightning_knowledge_guide.pdf,68,68,14,translations,Lightning Knowledge Guide p68 chunk 25: USER PERMISSIONS To create edit or delete articles Manage Articles,USER PERMISSIONS To create edit or delete articles Manage Articles AND Create Read Edit or Delete on the article type To publish or archive articles Manage Articles AND Create Read Edit and Delete on the article type...
q11,7,lightning_knowledge_guide_p0045_021,False,lightning_knowledge_guide.pdf,45,45,13,article versions|translations|Knowledge Versions,Lightning Knowledge Guide p45 chunk 21: Create a Report Type for Article Reports EDITIONS Available in,Create a Report Type for Article Reports EDITIONS Available in Salesforce Classic not available in all orgs and Lightning Experience Salesforce Knowledge is available in Essentials and Unlimited Editions with Service...
q11,8,lightning_knowledge_guide_p0005_001,False,lightning_knowledge_guide.pdf,5,5,10,Knowledge Scalability|article versions|translations,Lightning Knowledge Guide p5 chunk 1: CREATE A KNOWLEDGE BASE WITH SALESFORCE KNOWLEDGE EDITIONS Available in,CREATE A KNOWLEDGE BASE WITH SALESFORCE KNOWLEDGE EDITIONS Available in Salesforce Classic not available in all orgs and Lightning Experience Salesforce Knowledge is available in Essentials and the Unlimited Edition...
q11,9,messaging_admin_implementation_guide_p0037_009,False,messaging_admin_implementation_guide.pdf,37,37,8,capacity,Salesforce Messaging Administrator Guide p37 chunk 9: Set Up Routing for Messaging Channels in Service Cloud EDITIONS,Set Up Routing for Messaging Channels in Service Cloud EDITIONS Available in Lightning Experience View required editions Standard and This article applies to enhanced WhatsApp standard and enhanced Facebook Messenger...
q11,10,lightning_knowledge_guide_p0074_027,False,lightning_knowledge_guide.pdf,74,74,6,translations|languages,Lightning Knowledge Guide p74 chunk 27: An email notification is sent to you when your import,An email notification is sent to you when your import finishes You can view the status of your import from Setup by entering Article Imports and Exports in the Quick Find box then selecting Article Imports and Exports...
q11,11,messaging_admin_implementation_guide_p0497_030,False,messaging_admin_implementation_guide.pdf,497,497,5,capacity,Salesforce Messaging Administrator Guide p497 chunk 30: USER PERMISSIONS To end Messaging for In-App and Web messaging,USER PERMISSIONS To end Messaging for In-App and Web messaging sessions on the session record Messaging for In-App and Web permission set license AND Messaging for In-App and Web user permission AND Owner of the...
q11,12,messaging_admin_implementation_guide_p0029_007,False,messaging_admin_implementation_guide.pdf,29,29,4,capacity,Salesforce Messaging Administrator Guide p29 chunk 7: messages about new products but hasn t sent a unique,messages about new products but hasn t sent a unique inquiry that requires the attention of a bot or agent The Consent status value helps you design routing flows that exclude consent-related messaging sessions from...
q12,1,extend_click_automate_p0036_005,True,extend_click_automate.pdf,36,36,30,Apex trigger|after trigger|record-triggered flow|related record|Update Records,Salesforce Flow and Click-Based Automation Guide p36 chunk 5: Record-triggered flows created with a flow template don t appear,Record-triggered flows created with a flow template don t appear in Flow Trigger Explorer SEE ALSO Guidelines for Defining the Run Order of Record-Triggered Flows for an Object Schedule Triggers for Flows That Run for...
q12,2,extend_click_automate_p0100_008,True,extend_click_automate.pdf,100,100,18,related record|Update Records,Salesforce Flow and Click-Based Automation Guide p100 chunk 8: Update Salesforce Records from a Flow EDITIONS Available in both,Update Salesforce Records from a Flow EDITIONS Available in both Salesforce Classic not available in all orgs and Lightning Experience Available in Essentials Professional Enterprise Performance Unlimited and...
q12,3,salesforce_apex_developer_guide_p0271_014,True,salesforce_apex_developer_guide.pdf,271,273,18,Case|Account|Apex trigger|after trigger,Salesforce Apex Developer Guide p271 chunk 14: Before or after an update operation Before or after a,Before or after an update operation Before or after a delete operation Before or after a merge operation Before or after an upsert operation After an undelete operation An Apex trigger can also execute after the...
q12,4,salesforce_apex_developer_guide_p0271_015,True,salesforce_apex_developer_guide.pdf,271,273,9,Account|Apex trigger,Salesforce Apex Developer Guide p271 chunk 15: a trigger that changes an object or field with history,a trigger that changes an object or field with history tracking enabled no history of the change is recorded Callouts must be made asynchronously from a trigger so that the trigger process isn t blocked while waiting...
q12,5,salesforce_apex_developer_guide_p0271_016,True,salesforce_apex_developer_guide.pdf,271,273,6,Apex trigger,Salesforce Apex Developer Guide p271 chunk 16: keywords applicable to an inner class In addition you do,keywords applicable to an inner class In addition you do not have to manually commit any database changes made by a trigger If your Apex trigger completes successfully any database changes are automatically committed...
q12,6,sales_core_p0243_025,False,sales_core.pdf,243,243,52,Account|related record|Update Records,Sales Core Guide p243 chunk 25: Guidelines for Creating Accounts Review guidelines for creating accounts Guidelines,Guidelines for Creating Accounts Review guidelines for creating accounts Guidelines for Deleting Accounts Most accounts and their related records can be deleted in one click Some accounts can t be deleted until...
q12,7,extend_click_automate_p0037_006,False,extend_click_automate.pdf,37,37,48,Apex trigger|record-triggered flow|after-save flow|Update Records,Salesforce Flow and Click-Based Automation Guide p37 chunk 6: Flows that make before-save updates are typically simpler to build,Flows that make before-save updates are typically simpler to build than other types of flows The Record global variable contains the values from the record that triggers the flow to run As a result there s no need to...
q12,8,sales_core_p0228_024,False,sales_core.pdf,228,228,48,Case|Account,Sales Core Guide p228 chunk 24: Considerations for Using Person Accounts EDITIONS Business accounts available in,Considerations for Using Person Accounts EDITIONS Business accounts available in Lightning Experience and Salesforce Classic Business accounts available in all editions Person accounts available in Lightning...
q12,9,sales_core_p0287_029,False,sales_core.pdf,287,287,37,Account,Sales Core Guide p287 chunk 29: Create and Edit Relationships Between Contacts and Accounts EDITIONS Available,Create and Edit Relationships Between Contacts and Accounts EDITIONS Available in both Salesforce Classic not available in all orgs and Lightning Experience Available in Contact Manager Group Professional Enterprise...
q12,10,agentforce_contact_center_5_30_2026_p0583_009,False,agentforce_contact_center_5-30-2026.pdf,583,583,36,Case|Apex trigger|record-triggered flow,Agentforce Contact Center Guide p583 chunk 9: Setting What It Does Considerations attachments Invoke triggers on status,Setting What It Does Considerations attachments Invoke triggers on status change from New to Read Reply with new content only Insert email threading token in email subject Place user signatures before email threads...
q12,11,sales_core_p0277_026,False,sales_core.pdf,277,277,31,Account,Sales Core Guide p277 chunk 26: After a contact is created automatically the ContactSource field on,After a contact is created automatically the ContactSource field on the Contact record is set to Auto Create SEE ALSO Considerations for Automatic Contact Creation Contacts to Multiple Accounts EDITIONS Available in...
q12,12,sales_core_p0288_030,False,sales_core.pdf,288,288,31,Case|Account,Sales Core Guide p288 chunk 30: Most features continue to reference a contact s primary account,Most features continue to reference a contact s primary account For example duplicate management uses the primary account when comparing records For that reason indirect account contact relationships can t be included...
q13,1,engagement_audience_builder_and_contact_builder_5_30_2026_p0139_008,True,engagement_audience_builder_and_contact_builder_5-30-2026.pdf,139,142,102,Synchronized Data Sources|synchronized data extension|Contact Builder|Marketing Cloud Connect|Data Sources|data extension|Poll Schedule,Marketing Cloud Audience Builder and Contact Builder p139 chunk 8: the range of imported records 7 7 Choose how often,the range of imported records 7 7 Choose how often you want to synchronize data in the Poll Schedule dropdown menu 8 8 Click Save Each data source displays both a name and the external API key for the object Use these...
q13,2,engagement_audience_builder_and_contact_builder_5_30_2026_p0139_007,True,engagement_audience_builder_and_contact_builder_5-30-2026.pdf,139,142,99,Synchronized Data Sources|synchronized data extension|Sales Cloud|Service Cloud|Contact Builder|Marketing Cloud Connect|Data Sources|data extension|Poll Schedule|Journey Builder|primary and foreign keys,Marketing Cloud Audience Builder and Contact Builder p139 chunk 7: 2 2 Select the data sources to synchronize in Data,2 2 Select the data sources to synchronize in Data Sources You can t use a synchronized data source as a primary sendable data extension 3 3 Configure your data sources to synchronize with your chosen settings 4 4 Use...
q13,3,engagement_audience_builder_and_contact_builder_5_30_2026_p0139_009,True,engagement_audience_builder_and_contact_builder_5-30-2026.pdf,139,142,54,Synchronized Data Sources|Service Cloud|Contact Builder|Data Sources,Marketing Cloud Audience Builder and Contact Builder p139 chunk 9: can t import data to a synchronized data source from,can t import data to a synchronized data source from Contact Builder 1 1 From Marketing Cloud Engagement open Contact Builder 2 2 Click Data Sources 3 3 Click Synchronized 4 4 Choose the appropriate data source from...
q13,4,mc_email_p0123_006,False,mc_email.pdf,123,123,162,data extension,Marketing Cloud Email Guide p123 chunk 6: Create a Data Extension from a Template Create a data,Create a Data Extension from a Template Create a data extension with a data extension template A few data extension templates are provided with Email Studio to enable specific use cases such as data extensions used in...
q13,5,mc_email_p0126_008,False,mc_email.pdf,126,126,120,data extension,Marketing Cloud Email Guide p126 chunk 8: Manage Policies for an Email Studio Data Extension If you,Manage Policies for an Email Studio Data Extension If you have this feature enabled in Email Studio the admin user for your account can allow or disallow users to delete a data extension modify existing fields in a...
q13,6,mc_email_p0124_007,False,mc_email.pdf,124,124,114,data extension,Marketing Cloud Email Guide p124 chunk 7: Create a Data Extension in Email Studio Enhanced Create a,Create a Data Extension in Email Studio Enhanced Create a data extension in Email Studio Important You can t include the following characters in the name and field name of a data extension 1 Hover over Subscribers 2...
q13,7,mc_email_p0130_012,False,mc_email.pdf,130,130,114,data extension,Marketing Cloud Email Guide p130 chunk 12: Filtered Data Extensions Use a filtered data extension to target,Filtered Data Extensions Use a filtered data extension to target a more specific set of subscribers You can filter a data extension by fields or measures or apply existing data filters You can create a filtered data...
q13,8,engagement_audience_builder_and_contact_builder_5_30_2026_p0168_011,False,engagement_audience_builder_and_contact_builder_5-30-2026.pdf,168,168,111,Contact Builder|data extension,Marketing Cloud Audience Builder and Contact Builder p168 chunk 11: extension can include multiple attributes You can link data extensions,extension can include multiple attributes You can link data extensions to the contact record or different data extensions including data extensions from other attribute groups Create a Population in Contact Builder...
q13,9,mc_journeys_and_automations_p0248_013,False,mc_journeys_and_automations.pdf,248,248,108,Synchronized Data Sources|synchronized data extension|Sales Cloud|Service Cloud|Contact Builder|Data Sources|data extension|Journey Builder,Marketing Cloud Journeys and Automations p248 chunk 13: After configuring the entry source the journey schedule The intent,After configuring the entry source the journey schedule The intent of this journey is to send a single series of messages related to the disaster relief effort the marketer selects Run Once as the schedule type...
q13,10,mc_journeys_and_automations_p0366_044,False,mc_journeys_and_automations.pdf,366,366,105,Service Cloud|Marketing Cloud Connect|Journey Builder,Marketing Cloud Journeys and Automations p366 chunk 44: Convert Lead Activity Use the Convert Lead activity in Journey,Convert Lead Activity Use the Convert Lead activity in Journey Builder to convert qualified leads from Sales and Service Cloud into a contact or an account Assign a lead owner and notify that person via email Create...
q13,11,mc_journeys_and_automations_p0246_011,False,mc_journeys_and_automations.pdf,246,246,99,data extension|Journey Builder,Marketing Cloud Journeys and Automations p246 chunk 11: Note After it s activated Journey Builder enters the users,Note After it s activated Journey Builder enters the users who open sent messages from that point forward Previous open behavior isn t evaluated Data Extension Entry Source The data extension entry source lets you...
q13,12,mc_email_p0128_010,False,mc_email.pdf,128,128,93,data extension,Marketing Cloud Email Guide p128 chunk 10: Create a Data Extension from a Template Create a data,Create a Data Extension from a Template Create a data extension with a data extension template A few data extension templates are provided with Email Studio to enable specific use cases such as data extensions used in...
q14,1,mc_email_p0129_011,True,mc_email.pdf,129,129,57,Create a Filtered Data Extension|Filtered Data Extension|source data extension|Create Filter canvas,Marketing Cloud Email Guide p129 chunk 11: Length Maximum number of characters including spaces you can import,Length Maximum number of characters including spaces you can import into this column If you select the Decimal data type you specify both the total maximum number of characters and how many of the total appear after...
q14,2,mc_email_p0130_012,True,mc_email.pdf,130,130,39,Create a Filtered Data Extension|Filtered Data Extension|source data extension|Refresh a Filtered Data Extension,Marketing Cloud Email Guide p130 chunk 12: Filtered Data Extensions Use a filtered data extension to target,Filtered Data Extensions Use a filtered data extension to target a more specific set of subscribers You can filter a data extension by fields or measures or apply existing data filters You can create a filtered data...
q14,3,mc_email_p0089_003,False,mc_email.pdf,89,89,48,Filtered Data Extension|source data extension,Marketing Cloud Email Guide p89 chunk 3: Are previously created data filters still accessible Yes previously created,Are previously created data filters still accessible Yes previously created data filters are accessible Edit existing data filters using the enhanced segmentation and used them to create new filtered data extensions...
q14,4,mc_email_p0123_006,False,mc_email.pdf,123,123,48,Create a Filtered Data Extension|Filtered Data Extension|source data extension|Refresh a Filtered Data Extension,Marketing Cloud Email Guide p123 chunk 6: Create a Data Extension from a Template Create a data,Create a Data Extension from a Template Create a data extension with a data extension template A few data extension templates are provided with Email Studio to enable specific use cases such as data extensions used in...
q14,5,mc_email_p0124_007,False,mc_email.pdf,124,124,12,Filtered Data Extension|source data extension,Marketing Cloud Email Guide p124 chunk 7: Create a Data Extension in Email Studio Enhanced Create a,Create a Data Extension in Email Studio Enhanced Create a data extension in Email Studio Important You can t include the following characters in the name and field name of a data extension 1 Hover over Subscribers 2...
q14,6,mc_email_p0128_010,False,mc_email.pdf,128,128,12,Filtered Data Extension|source data extension,Marketing Cloud Email Guide p128 chunk 10: Create a Data Extension from a Template Create a data,Create a Data Extension from a Template Create a data extension with a data extension template A few data extension templates are provided with Email Studio to enable specific use cases such as data extensions used in...
q14,7,mc_journeys_and_automations_p0250_015,False,mc_journeys_and_automations.pdf,250,250,12,Filtered Data Extension|source data extension|Refresh a Filtered Data Extension,Marketing Cloud Journeys and Automations p250 chunk 15: Choose How to Process Entry Source Data Configure your Journey,Choose How to Process Entry Source Data Configure your Journey Builder entry source so that it promotes efficient processing When an entry source includes a repeating schedule choosing a processing option is necessary...
q14,8,mc_journeys_and_automations_p0257_020,False,mc_journeys_and_automations.pdf,257,257,12,source data extension,Marketing Cloud Journeys and Automations p257 chunk 20: 7 To have contacts enter the journey according to a,7 To have contacts enter the journey according to a schedule select Run using the following schedule 8 Set the date time zone and repetition schedule The default repeat setting is None which means the entry event runs...
q14,9,mc_journeys_and_automations_p0293_027,False,mc_journeys_and_automations.pdf,293,293,12,source data extension,Marketing Cloud Journeys and Automations p293 chunk 27: Mobile Activities in Journey Builder Journey Builder includes the SMS,Mobile Activities in Journey Builder Journey Builder includes the SMS LINE Message Push Notification In-App Message and Inbox activities for sending to mobile devices from a journey Add MobilePush inbox messages...
q14,10,mc_journeys_and_automations_p0248_013,False,mc_journeys_and_automations.pdf,248,248,9,source data extension,Marketing Cloud Journeys and Automations p248 chunk 13: After configuring the entry source the journey schedule The intent,After configuring the entry source the journey schedule The intent of this journey is to send a single series of messages related to the disaster relief effort the marketer selects Run Once as the schedule type...
q14,11,mc_email_p0148_015,False,mc_email.pdf,148,148,6,Filtered Data Extension|Create Filter canvas,Marketing Cloud Email Guide p148 chunk 15: Create a Data Filter from a Data Extension Follow these,Create a Data Filter from a Data Extension Follow these steps to create a data filter from a data extension in Email Studio Modify an Existing Data Filter Follow these steps to modify an existing data filter in Email...
q14,12,mc_email_p0149_016,False,mc_email.pdf,149,149,6,source data extension|Create Filter canvas,Marketing Cloud Email Guide p149 chunk 16: If you choose AND the subscriber must meet all criteria,If you choose AND the subscriber must meet all criteria to be included in the group If you choose OR the subscriber must meet at least one of the criteria to be included in the group Note Choose an operator that...
q15,1,salesforce_security_impl_guide_p0048_021,True,salesforce_security_impl_guide.pdf,48,50,135,Field Permissions|field-level security|custom field|permission sets|profiles|Set Field-Level Security,Salesforce Security Implementation Guide p48 chunk 21: an alternative to setting field-level security for a field on,an alternative to setting field-level security for a field on profiles Classic Encryption for Custom Fields Restrict other Salesforce users from seeing custom text fields that you want to keep private Only users with...
q15,2,salesforce_security_impl_guide_p0048_020,True,salesforce_security_impl_guide.pdf,48,50,117,Field Permissions|field-level security|custom field|visible|read-only|permission sets|profiles|page layouts|Set Field-Level Security,Salesforce Security Implementation Guide p48 chunk 20: Field Permissions EDITIONS Available in both Salesforce Classic not available,Field Permissions EDITIONS Available in both Salesforce Classic not available in all orgs and Lightning Experience Available in Professional Enterprise Performance Unlimited Developer and Database com Editions Field...
q15,3,salesforce_security_impl_guide_p0048_022,True,salesforce_security_impl_guide.pdf,48,50,45,Field Permissions|field-level security|custom field|permission sets|Set Field-Level Security,Salesforce Security Implementation Guide p48 chunk 22: Security for Permission Sets during Field Creation if it isn,Security for Permission Sets during Field Creation if it isn t already enabled 2 In Object Manager select an object and then click Fields Relationships 3 Select the field that you want to modify 4 Click Set Field-...
q15,4,salesforce_security_impl_guide_p0019_004,False,salesforce_security_impl_guide.pdf,19,19,80,Field Permissions|permission sets|profiles|page layouts,Salesforce Security Implementation Guide p19 chunk 4: We recommend that you use permission sets and permission set,We recommend that you use permission sets and permission set groups to manage your users permissions Because you can reuse smaller permission set building blocks you can avoid creating dozens or even hundreds of...
q15,5,salesforce_security_impl_guide_p0036_014,False,salesforce_security_impl_guide.pdf,36,36,61,Field Permissions|visible|permission sets,Salesforce Security Implementation Guide p36 chunk 14: Work with Permission Set Lists Create list views to help,Work with Permission Set Lists Create list views to help view and manage your permission sets You can also edit permissions in multiple permission sets at the same time using list views Manage Permission Set...
q15,6,salesforce_security_impl_guide_p0020_005,False,salesforce_security_impl_guide.pdf,20,20,59,permission sets|profiles,Salesforce Security Implementation Guide p20 chunk 5: Recommended FeatureIn Permission Sets In Profiles Permission or Setting Type,Recommended FeatureIn Permission Sets In Profiles Permission or Setting Type Permission sets Custom permissions Permission sets Apex class access Permission sets Visualforce page access Permission sets External data...
q15,7,salesforce_security_impl_guide_p0045_017,False,salesforce_security_impl_guide.pdf,45,45,56,permission sets|profiles,Salesforce Security Implementation Guide p45 chunk 17: Assign Custom Record Types in Permission Sets EDITIONS Available in,Assign Custom Record Types in Permission Sets EDITIONS Available in Salesforce Classic not available in all orgs and Lightning Experience Record types available in Professional Enterprise Performance Unlimited and...
q15,8,salesforce_security_impl_guide_p0017_002,False,salesforce_security_impl_guide.pdf,17,17,49,Field Permissions|field-level security|read-only|permission sets|profiles|page layouts,Salesforce Security Implementation Guide p17 chunk 2: You can specify object permissions in permission sets and profiles,You can specify object permissions in permission sets and profiles Permission sets and profiles are collections of settings and permissions that determine what a user can do in the application The settings are similar...
q15,9,salesforce_security_impl_guide_p0042_016,False,salesforce_security_impl_guide.pdf,42,42,45,permission sets,Salesforce Security Implementation Guide p42 chunk 16: Manage Permission Set Assignments EDITIONS Available in both Salesforce Classic,Manage Permission Set Assignments EDITIONS Available in both Salesforce Classic not available in all orgs and Lightning Experience Available in Essentials Contact Manager Professional Group Enterprise Performance...
q15,10,salesforce_security_impl_guide_p0035_013,False,salesforce_security_impl_guide.pdf,35,35,41,permission sets|profiles,Salesforce Security Implementation Guide p35 chunk 13: View a Profile s Assigned Users EDITIONS Available in both,View a Profile s Assigned Users EDITIONS Available in both Salesforce Classic not available in all orgs and Lightning Experience Available in Essentials Professional Enterprise Performance Unlimited Developer and...
q15,11,salesforce_security_impl_guide_p0038_015,False,salesforce_security_impl_guide.pdf,38,38,41,permission sets|profiles,Salesforce Security Implementation Guide p38 chunk 15: Enable User Permissions in Permission Sets EDITIONS Available in both,Enable User Permissions in Permission Sets EDITIONS Available in both Salesforce Classic not available in all orgs and Lightning Experience Available in Essentials Contact Manager Professional Group Enterprise...
q15,12,salesforce_security_impl_guide_p0028_009,False,salesforce_security_impl_guide.pdf,28,28,37,Field Permissions|permission sets|profiles|page layouts,Salesforce Security Implementation Guide p28 chunk 9: Edit Multiple Profiles with Profile List Views If enhanced profile,Edit Multiple Profiles with Profile List Views If enhanced profile list views are enabled for your organization you can change permissions in up to 200 profiles directly from the list view without accessing individual...
q16,1,mc_journeys_and_automations_p0300_028,True,mc_journeys_and_automations.pdf,300,300,111,Journey Builder|LINE Message activity|push notification activity|SMS activity|WhatsApp Messaging,Marketing Cloud Journeys and Automations p300 chunk 28: Create a Multi-Content Message LINE Activity in Journey Builder Use,Create a Multi-Content Message LINE Activity in Journey Builder Use a multi-content message in a LINE Message activity to power Journey Builder sends to Marketing Cloud Engagement contacts in a journey A multi-content...
q16,2,mc_journeys_and_automations_p0351_041,True,mc_journeys_and_automations.pdf,351,351,51,Journey Builder|Engagement Split,Marketing Cloud Journeys and Automations p351 chunk 41: Configure an Engagement Split The Journey Builder Engagement Split activity,Configure an Engagement Split The Journey Builder Engagement Split activity sends contacts down a Yes or No path based on whether they open the email or click a link or if the email bounces To use an Engagement Split...
q16,3,mc_journeys_and_automations_p0300_029,True,mc_journeys_and_automations.pdf,300,300,9,Journey Builder|LINE Message activity,Marketing Cloud Journeys and Automations p300 chunk 29: the contact key to the subscriber key Ensure that the,the contact key to the subscriber key Ensure that the selected contact key has a LINE address ID associated with it To add Email or SMS activities to your journey check that your data extension has email and mobile...
q16,4,mc_journeys_and_automations_p0195_005,False,mc_journeys_and_automations.pdf,195,195,63,Journey Builder,Marketing Cloud Journeys and Automations p195 chunk 5: Journey Settings To get the best performance from your journeys,Journey Settings To get the best performance from your journeys configure Journey Settings to determine when the contact enters a Marketing Cloud Engagement journey and which address Journey Builder uses to message...
q16,5,mc_journeys_and_automations_p0293_027,False,mc_journeys_and_automations.pdf,293,293,51,Journey Builder,Marketing Cloud Journeys and Automations p293 chunk 27: Mobile Activities in Journey Builder Journey Builder includes the SMS,Mobile Activities in Journey Builder Journey Builder includes the SMS LINE Message Push Notification In-App Message and Inbox activities for sending to mobile devices from a journey Add MobilePush inbox messages...
q16,6,mc_journeys_and_automations_p0339_039,False,mc_journeys_and_automations.pdf,339,339,48,Journey Builder,Marketing Cloud Journeys and Automations p339 chunk 39: Only sendable data extensions can be used with this activity,Only sendable data extensions can be used with this activity Sales and Service Cloud Activities Use Sales and Service Cloud activities to interact with Sales and Service Cloud These activities are available in...
q16,7,mc_journeys_and_automations_p0366_044,False,mc_journeys_and_automations.pdf,366,366,45,Journey Builder,Marketing Cloud Journeys and Automations p366 chunk 44: Convert Lead Activity Use the Convert Lead activity in Journey,Convert Lead Activity Use the Convert Lead activity in Journey Builder to convert qualified leads from Sales and Service Cloud into a contact or an account Assign a lead owner and notify that person via email Create...
q16,8,mc_journeys_and_automations_p0254_017,False,mc_journeys_and_automations.pdf,254,254,37,Journey Builder|opened,Marketing Cloud Journeys and Automations p254 chunk 17: Select a Reusable Entry Source Select a reusable entry source,Select a Reusable Entry Source Select a reusable entry source in Journey Builder when the event you want to use was already created in another Marketing Cloud Engagement journey or on the Entry Sources page Create a...
q16,9,mc_journeys_and_automations_p0266_023,False,mc_journeys_and_automations.pdf,266,266,36,Journey Builder,Marketing Cloud Journeys and Automations p266 chunk 23: Note The Test Mode feature in Journey Builder doesn t,Note The Test Mode feature in Journey Builder doesn t support Salesforce Entry Sources The integration between Engagement and Sales Cloud uses Flows Process Builder Apex Platform Events and SOAP APIs Therefore...
q16,10,mc_journeys_and_automations_p0278_024,False,mc_journeys_and_automations.pdf,278,278,36,Journey Builder,Marketing Cloud Journeys and Automations p278 chunk 24: Linked Data Extensions in Journey Builder Your data setup affects,Linked Data Extensions in Journey Builder Your data setup affects how Marketing Cloud Engagement evaluates the contact attributes used in journey entry source filters wait activities or decision splits Review what...
q16,11,mc_journeys_and_automations_p0353_043,False,mc_journeys_and_automations.pdf,353,353,36,Journey Builder,Marketing Cloud Journeys and Automations p353 chunk 43: Connect a Data Extension for Decision Splits To use data,Connect a Data Extension for Decision Splits To use data that isn t in the entry source or that changes in a Decision Split in Journey Builder follow these steps to link a data extension in Contact Builder To learn...
q16,12,mc_journeys_and_automations_p0389_045,False,mc_journeys_and_automations.pdf,389,389,36,Journey Builder,Marketing Cloud Journeys and Automations p389 chunk 45: Journey Testing Use Journey Builder s test feature to confirm,Journey Testing Use Journey Builder s test feature to confirm that a Marketing Cloud Engagement journey behaves as expected When you use a data extension as the entry source you can configure a test to simulate a...
q17,1,extend_click_automate_p0238_012,True,extend_click_automate.pdf,238,244,78,Debug a Flow|Flow Builder|debug options|input variables|Debug Details|rollback mode|screen flow,Salesforce Flow and Click-Based Automation Guide p238 chunk 12: Debug a Flow in Flow Builder If you re troubleshooting,Debug a Flow in Flow Builder If you re troubleshooting a flow that fails the debug option in Flow Builder can be your best friend See real-time details of what your flow does set input variables and restart the flow...
q17,2,extend_click_automate_p0238_013,True,extend_click_automate.pdf,238,244,75,Debug a Flow|Flow Builder|debug options|input variables|Debug Details|rollback mode|screen flow|Run Again,Salesforce Flow and Click-Based Automation Guide p238 chunk 13: Processes with Salesforce Flow The debug details for the run,Processes with Salesforce Flow The debug details for the run appear in a panel on the right 6 If you selected Debug wait element behavior when you set the debug options select a Wait Path and then click Continue the...
q17,3,extend_click_automate_p0238_014,True,extend_click_automate.pdf,238,244,30,Debug a Flow|Flow Builder|debug options|input variables|Debug Details|rollback mode,Salesforce Flow and Click-Based Automation Guide p238 chunk 14: prompt template you debug the flow to troubleshoot any flow,prompt template you debug the flow to troubleshoot any flow failure 1 Create or open the Get Marketing Events on page 45 prompt flow in Flow Builder 2 Click Debug 3 Set the debug options and input variables If you...
q17,4,extend_click_automate_p0196_010,False,extend_click_automate.pdf,196,196,39,screen flow,Salesforce Flow and Click-Based Automation Guide p196 chunk 10: Data Safety When Running Screen and Autolaunched Flows in System,Data Safety When Running Screen and Autolaunched Flows in System Context EDITIONS Available in both Salesforce Classic not available in all orgs and Lightning Experience Available in Essentials Professional Enterprise...
q17,5,extend_click_automate_p0887_023,False,extend_click_automate.pdf,887,887,27,Debug a Flow|Flow Builder,Salesforce Flow and Click-Based Automation Guide p887 chunk 23: Process Builder Many of the tasks you assign the emails,Process Builder Many of the tasks you assign the emails you send and other record updates are vital parts of your standard processes Instead of doing this repetitive work manually you can configure flows or processes...
q17,6,extend_click_automate_p0030_003,False,extend_click_automate.pdf,30,30,21,Flow Builder|screen flow,Salesforce Flow and Click-Based Automation Guide p30 chunk 3: Supported in Translation Workbench Available Distribution MethodsDescriptionType Requires Flows Lightning,Supported in Translation Workbench Available Distribution MethodsDescriptionType Requires Flows Lightning App and Flow Builder Citizen flows org permissions and Marketing 360 Lightning app on the Flows tab View Flows...
q17,7,extend_click_automate_p0888_024,False,extend_click_automate.pdf,888,888,21,Flow Builder,Salesforce Flow and Click-Based Automation Guide p888 chunk 24: Salesforce Admins Blog Use Flow Trigger Explorer to Easily View,Salesforce Admins Blog Use Flow Trigger Explorer to Easily View All Your Triggered Automation in One Place Salesforce Architects Record-Triggered Automation Guide Salesforce Help Record Triggers for Flows That Make...
q17,8,extend_click_automate_p0319_019,False,extend_click_automate.pdf,319,319,18,Flow Builder|screen flow,Salesforce Flow and Click-Based Automation Guide p319 chunk 19: Flow Element Loop Start a loop path for iterating over,Flow Element Loop Start a loop path for iterating over items in a collection variable For each iteration the flow temporarily stores the item in the loop variable To execute actions on each item s field values use...
q17,9,extend_click_automate_p0157_009,False,extend_click_automate.pdf,157,157,15,Flow Builder|screen flow,Salesforce Flow and Click-Based Automation Guide p157 chunk 9: Flow Example Retrieve Opportunities for an Account that a User,Flow Example Retrieve Opportunities for an Account that a User Selects EDITIONS Available in both Salesforce Classic not available in all orgs and Lightning Experience Available in Essentials Professional Enterprise...
q17,10,extend_click_automate_p0886_022,False,extend_click_automate.pdf,886,886,15,Flow Builder,Salesforce Flow and Click-Based Automation Guide p886 chunk 22: Record Locking Record locking prevents users from editing a record,Record Locking Record locking prevents users from editing a record regardless of field-level security or sharing settings By default Salesforce locks records that are pending approval Only admins can edit locked...
q17,11,extend_click_automate_p0005_001,False,extend_click_automate.pdf,5,5,12,Flow Builder,Salesforce Flow and Click-Based Automation Guide p5 chunk 1: AUTOMATE YOUR BUSINESS PROCESSES WITH SALESFORCE FLOW Say goodbye to,AUTOMATE YOUR BUSINESS PROCESSES WITH SALESFORCE FLOW Say goodbye to manual tasks and hello to streamlined operations with Salesforce Flow By using automation to reduce the number of manual processes and repetitive...
q17,12,extend_click_automate_p0006_002,False,extend_click_automate.pdf,6,6,9,Flow Builder,Salesforce Flow and Click-Based Automation Guide p6 chunk 2: Approval Processes It s likely that you re familiar with,Approval Processes It s likely that you re familiar with process automation in the form of workflow rules Approval processes take automation one step further letting you specify a sequence of steps that are required...
q18,1,setup_p0411_003,True,setup.pdf,411,411,51,Data Loader|Data Import Wizard|import|export|bulk import|5 million|Choosing a Method for Importing Data,Salesforce Setup Guide p411 chunk 3: Additional informationInternal or external to Salesforce ExportImportNumber of records you,Additional informationInternal or external to Salesforce ExportImportNumber of records you can import or export Editions supported Tool An in-browser tool that provides a simplified approach for users InternalNoYesUp...
q18,2,setup_p0443_016,False,setup.pdf,443,443,103,Data Loader|Data Import Wizard|import,Salesforce Setup Guide p443 chunk 16: How do I update fields with blank values To replace,How do I update fields with blank values To replace fields with null values you must use Data Loader Can I bulk-assign records to a record type Yes you can bulk-assign records to a record type using the Data Import...
q18,3,setup_p0436_011,False,setup.pdf,436,436,81,Data Import Wizard|import,Salesforce Setup Guide p436 chunk 11: If you use assignment rules the Data Import Wizard uses,If you use assignment rules the Data Import Wizard uses the new owner s default record type when creating new records When the assignment rules assign the record to a queue the queue owner s default record type is...
q18,4,setup_p0441_014,False,setup.pdf,441,441,77,Data Loader|Data Import Wizard|import|5 million,Salesforce Setup Guide p441 chunk 14: User permissions neededImport record limitType of record Contracts Documents Opportunities,User permissions neededImport record limitType of record Contracts Documents Opportunities Products Your import file can be up to 100 MB but each record in your file can t exceed 400 KB which is about 4 000 characters...
q18,5,setup_p0452_020,False,setup.pdf,452,452,75,Data Import Wizard|import|update records,Salesforce Setup Guide p452 chunk 20: What kind of objects can I import You can use,What kind of objects can I import You can use the Data Import Wizard to import accounts contacts leads solutions campaign members person accounts and custom objects Can I import into custom fields Yes Your...
q18,6,setup_p0454_022,False,setup.pdf,454,454,75,Data Loader|Data Import Wizard|import|export,Salesforce Setup Guide p454 chunk 22: How do I update fields with blank values To replace,How do I update fields with blank values To replace fields with null values you must use Data Loader 1 To open Data Loader choose Start All Programs Salesforce Data Loader Data Loader 2 Click Export and complete the...
q18,7,setup_p0450_018,False,setup.pdf,450,450,71,Data Import Wizard|import,Salesforce Setup Guide p450 chunk 18: Which data can I import You can use the Data,Which data can I import You can use the Data Import Wizard to import campaign member status contacts and business accounts person accounts leads solutions and custom objects depending on your Salesforce edition You...
q18,8,setup_p0442_015,False,setup.pdf,442,442,70,Data Import Wizard|import|update records,Salesforce Setup Guide p442 chunk 15: What file formats can the import wizards handle You can,What file formats can the import wizards handle You can import contacts and business accounts directly from an ACT or Outlook file or from any CSV comma-separated values file such as a GoldMine or Excel file You can...
q18,9,setup_p0451_019,False,setup.pdf,451,451,70,Data Loader|Data Import Wizard|import|5 million,Salesforce Setup Guide p451 chunk 19: Your import is also subject to your org s storage,Your import is also subject to your org s storage limit The size of your import file doesn t directly correlate to the storage space needed for those records For example a 50 MB import file doesn t create 50 MB of...
q18,10,setup_p0439_013,False,setup.pdf,439,439,65,Data Loader|Data Import Wizard|import|export|bulk import|5 million,Salesforce Setup Guide p439 chunk 13: Data Loader EDITIONS Available in both Salesforce Classic not available,Data Loader EDITIONS Available in both Salesforce Classic not available in all orgs and Lightning Experience Available in Enterprise Performance Unlimited and Developer editions Data Loader is a client application for...
q18,11,setup_p0444_017,False,setup.pdf,444,444,65,Data Loader|Data Import Wizard|import,Salesforce Setup Guide p444 chunk 17: What permissions do I need to import records You need,What permissions do I need to import records You need different permissions to import records with Data Loader and Data Import Wizard Data Loader Importing records with Data Loader requires these permissions Read...
q18,12,setup_p0415_007,False,setup.pdf,415,415,52,Data Import Wizard|import|Choosing a Method for Importing Data,Salesforce Setup Guide p415 chunk 7: Multiple external ID fields can find matching records in Salesforce,Multiple external ID fields can find matching records in Salesforce when you use the Data Import Wizard Only unique External ID fields are available to match by SEE ALSO Data Import Wizard Choosing a Method for...
q19,1,salesforce_apex_developer_guide_p0290_017,True,salesforce_apex_developer_guide.pdf,290,290,17,SOQL|governor limits|bulk operations|Best Practices for Designing Bulk Programs,Salesforce Apex Developer Guide p290 chunk 17: This is an example of a flawed programming pattern It,This is an example of a flawed programming pattern It assumes that only one record is pulled in during a trigger invocation While this might support most user interface events it does not support bulk operations...
q19,2,salesforce_apex_developer_guide_p0354_027,True,salesforce_apex_developer_guide.pdf,354,354,5,SOQL|governor limits,Salesforce Apex Developer Guide p354 chunk 27: For Bulk API and Bulk API 2 0 transactions the,For Bulk API and Bulk API 2 0 transactions the effective limit is the higher of the synchronous and asynchronous limits For example the maximum number of Bulk Apex jobs added to the queue with System enqueueJob is the...
q19,3,agentforce_contact_center_5_30_2026_p0583_009,False,agentforce_contact_center_5-30-2026.pdf,583,583,27,Apex trigger|Case,Agentforce Contact Center Guide p583 chunk 9: Setting What It Does Considerations attachments Invoke triggers on status,Setting What It Does Considerations attachments Invoke triggers on status change from New to Read Reply with new content only Insert email threading token in email subject Place user signatures before email threads...
q19,4,agentforce_contact_center_5_30_2026_p0577_003,False,agentforce_contact_center_5-30-2026.pdf,577,577,24,Case,Agentforce Contact Center Guide p577 chunk 3: b b From the Support Settings page in Setup select,b b From the Support Settings page in Setup select a Default Case Owner and an Automated Case User When you add routing addresses you also have the option to add custom case ownership preferences that override the...
q19,5,agentforce_contact_center_5_30_2026_p0592_018,False,agentforce_contact_center_5-30-2026.pdf,592,592,24,Apex trigger|Case,Agentforce Contact Center Guide p592 chunk 18: representation of the latest action that occurred on that email,representation of the latest action that occurred on that email Inbound Email To and CC Address Storage Addresses for inbound email exhibit these behaviors Duplicate email addresses including email addresses with...
q19,6,agentforce_contact_center_5_30_2026_p0587_013,False,agentforce_contact_center_5-30-2026.pdf,587,587,23,Case,Agentforce Contact Center Guide p587 chunk 13: Setting Description created to track emails converted to cases As,Setting Description created to track emails converted to cases As an alternative to selecting a Case Owner leave this field blank and create assignment rules that assign email cases to queues based on keywords For...
q19,7,agentforce_contact_center_5_30_2026_p0576_002,False,agentforce_contact_center_5-30-2026.pdf,576,576,20,Case,Agentforce Contact Center Guide p576 chunk 2: REQUIRED EDITIONS REQUIRED EDITIONS View supported editions USER PERMISSIONS NEEDED,REQUIRED EDITIONS REQUIRED EDITIONS View supported editions USER PERMISSIONS NEEDED To enable and set up Email-to-Case Customize Application Tip Check out this feature in Salesforce Go Find a guided setup experience...
q19,8,agentforce_contact_center_5_30_2026_p0589_015,False,agentforce_contact_center_5-30-2026.pdf,589,589,18,Case,Agentforce Contact Center Guide p589 chunk 15: If you add the GENERATED_CONTENT placeholder to an email or,If you add the GENERATED_CONTENT placeholder to an email or email template and then use Draft With Einstein the placeholder is replaced with the content generated by Einstein If you don t use this placeholder in a...
q19,9,agentforce_contact_center_5_30_2026_p0593_019,False,agentforce_contact_center_5-30-2026.pdf,593,593,18,Apex trigger|Case,Agentforce Contact Center Guide p593 chunk 19: How Email-to-Case Handles Processing Errors If Email-to-Case receives a Salesforce,How Email-to-Case Handles Processing Errors If Email-to-Case receives a Salesforce platform or database error when processing an incoming email it retries multiple times over a 30-hour period If Email-to-Case still...
q19,10,agentforce_contact_center_5_30_2026_p0594_020,False,agentforce_contact_center_5-30-2026.pdf,594,594,16,Case,Agentforce Contact Center Guide p594 chunk 20: Tip Using the same email address for Email-to-Case routing and,Tip Using the same email address for Email-to-Case routing and for other purposes isn t recommended because doing so can result in email loops Some Email Addresses Are Stripped Out on Email-to-Case Replies When...
q19,11,salesforce_apex_developer_guide_p0187_012,False,salesforce_apex_developer_guide.pdf,187,187,16,SOQL,Salesforce Apex Developer Guide p187 chunk 12: Both variable and variable_list must be of the same type,Both variable and variable_list must be of the same type as the sObjects that are returned by the soql_query As in standard SOQL queries the soql_query statement can refer to code expressions in their WHERE clauses...
q19,12,agentforce_contact_center_5_30_2026_p0578_004,False,agentforce_contact_center_5-30-2026.pdf,578,578,15,Case,Agentforce Contact Center Guide p578 chunk 4: Setting Description Enable HTML email Display emails in HTML in,Setting Description Enable HTML email Display emails in HTML in the case feed view and email editor If this setting isn t selected Service reps see emails in the case feed in text format When reps reply to an email...
q20,1,salesforce_record_access_under_the_hood_p0007_003,True,salesforce_record_access_under_the_hood.pdf,7,7,37,Account|record-level access|sharing rules|organization-wide default|Public Read Only|access grants|record access calculation,Salesforce Record Access Under the Hood p7 chunk 3: Territory hierarchy Sharing rules Teams Manual sharing Programmatic sharing Because,Territory hierarchy Sharing rules Teams Manual sharing Programmatic sharing Because you have so many options for managing record-level access and because some of these options are affected by organizational...
q20,2,salesforce_record_access_under_the_hood_p0006_002,True,salesforce_record_access_under_the_hood.pdf,6,6,30,Account|record-level access|object-level access|sharing rules|organization-wide default,Salesforce Record Access Under the Hood p6 chunk 2: For example if a user has access to an account,For example if a user has access to an account field then they have access to both the account field and the account object itself However a specific account record such as Account A might not be accessible to that...
q20,3,salesforce_security_impl_guide_p0069_026,False,salesforce_security_impl_guide.pdf,69,69,64,Account|sharing rules,Salesforce Security Implementation Guide p69 chunk 26: You can create rules to share records between most types,You can create rules to share records between most types of site or portal and Salesforce users And you can create sharing rules between site or portal users from different accounts as long as their license type...
q20,4,salesforce_security_impl_guide_p0059_023,False,salesforce_security_impl_guide.pdf,59,59,55,Account|sharing rules,Salesforce Security Implementation Guide p59 chunk 23: Sharing Rules EDITIONS Available in both Salesforce Classic not available,Sharing Rules EDITIONS Available in both Salesforce Classic not available in all orgs and Lightning Experience Available in Professional Enterprise Performance Unlimited and Developer Editions See Sharing Rule...
q20,5,sales_core_p0228_024,False,sales_core.pdf,228,228,47,Account,Sales Core Guide p228 chunk 24: Considerations for Using Person Accounts EDITIONS Business accounts available in,Considerations for Using Person Accounts EDITIONS Business accounts available in Lightning Experience and Salesforce Classic Business accounts available in all editions Person accounts available in Lightning...
q20,6,sales_core_p0243_025,False,sales_core.pdf,243,243,43,Account,Sales Core Guide p243 chunk 25: Guidelines for Creating Accounts Review guidelines for creating accounts Guidelines,Guidelines for Creating Accounts Review guidelines for creating accounts Guidelines for Deleting Accounts Most accounts and their related records can be deleted in one click Some accounts can t be deleted until...
q20,7,sales_core_p0287_029,False,sales_core.pdf,287,287,37,Account,Sales Core Guide p287 chunk 29: Create and Edit Relationships Between Contacts and Accounts EDITIONS Available,Create and Edit Relationships Between Contacts and Accounts EDITIONS Available in both Salesforce Classic not available in all orgs and Lightning Experience Available in Contact Manager Group Professional Enterprise...
q20,8,salesforce_security_impl_guide_p0071_027,False,salesforce_security_impl_guide.pdf,71,71,34,Account|sharing rules|organization-wide default|Public Read Only|edit access,Salesforce Security Implementation Guide p71 chunk 27: Control the visibility of external users Manage personal user information,Control the visibility of external users Manage personal user information visibility for external users User Sharing Considerations Review these considerations before you implement user sharing Set the Org-Wide...
q20,9,salesforce_security_impl_guide_p0018_003,False,salesforce_security_impl_guide.pdf,18,18,33,sharing rules|organization-wide default,Salesforce Security Implementation Guide p18 chunk 3: Sharing rules With sharing rules you can make automatic exceptions,Sharing rules With sharing rules you can make automatic exceptions to organization-wide sharing settings for sets of users Use sharing rules to give these users access to records they don t own or can t normally see...
q20,10,sales_core_p0277_026,False,sales_core.pdf,277,277,31,Account,Sales Core Guide p277 chunk 26: After a contact is created automatically the ContactSource field on,After a contact is created automatically the ContactSource field on the Contact record is set to Auto Create SEE ALSO Considerations for Automatic Contact Creation Contacts to Multiple Accounts EDITIONS Available in...
q20,11,sales_core_p0288_030,False,sales_core.pdf,288,288,30,Account,Sales Core Guide p288 chunk 30: Most features continue to reference a contact s primary account,Most features continue to reference a contact s primary account For example duplicate management uses the primary account when comparing records For that reason indirect account contact relationships can t be included...
q20,12,salesforce_security_impl_guide_p0072_028,False,salesforce_security_impl_guide.pdf,72,72,29,Account|sharing rules|organization-wide default|Public Read Only,Salesforce Security Implementation Guide p72 chunk 28: Automated Process and License Manager users Some special users created,Automated Process and License Manager users Some special users created for org or app maintenance such as Automated Process and License Manager users can t be included in any sharing rules including user sharing rules...
